ID,Name
416367301906435,&amp;#34;ตลก&amp;#34; ^_^ ได้โปรดจีบ555+
914516918694560,(หวย)&amp;#34;เด็ด&amp;#34;---เลขดัง---จากวงใน
1896218253945575,Ah Lisa
807316169402762,Asian News Collection
801877536623021,Best Kh Posting
1580683305564838,Best Kh Shopping
484129048427489,Blue M สำหรับท่านชาย..
1701964436776083,Cambodian Poster✅
1610566202572584,GPS Cambodia
1403167406465267,KH Buy and Sell ☑️
969908476447999,Khmer Dhamma Talk
1126572340755699,Khmer Poster
1629900883764351,Khmerdhamma-5000-Years
671819319531191,Kon Khmer 1,000,000
1614307752197407,Leyley Lunky Online Shop
1734339566824750,LifeHack ( LifeStyle-Communication-Money-Productivity-Work )
147876822306840,SABAY LOOK
346281318742219,Teenager Generation
647005525656113,ThaiLottery
730224000395074,The Top Live
259436471212655,TOP KHMER LOVE✅
1544389782548901,كروب صاكين وصاكات العراق 🇮🇶
578584762529987,مسافر جانان گروپ
430279227159145,চলো বাংলাদেশ
100377113634210,รวยด้วยหวย เลขเด็ดงวดนี้
1015821975214117,รวยด้วยหวย เลขเด็ดงวดนี้
2163396743889898,ลูกพ่อวิษณุกรรม เลขเด็ด บนล่าง
1027288710782528,หวย ใบเขียว
163262284052564,หวยรัฐบาล
139489606249284,หวยรัฐบาล เลขเด็ดงวดนี้ - ฟรี
1091206464367839,หวยรัฐบาล แบ่งปันกันฟรีๆ
902060539940127,หวยรัฐบาล แม่นๆ แชร์เลย
505736879804012,หวยลูกพ่อวิษณุกรรม
243983989764137,หวยเด็ด หวยดัง 100%1000%
2063263187274470,หวยเด็ด หวยดัง ลงให้ดูทุกวัน
256235648434992,หวยเด็ด อ.ธนากร (แฟนคลับ)
340777103053678,หวยเด็ด อ.ธนากร (แฟนคลับ)
939410182816893,หวยเด็ด เลขปลดหนี้
1981925741872266,หวยเด็ด เลขเด็ด ซองดัง
826522760730364,หวยเด็ด เลขเด็ดงวดนี้
153299608615479,หวยแม่นมาก เลขเด็ด 2 ตัวบน-ล่าง
255816225240064,หวยใบเขียว
2114780255405136,หวยใบเขียว
247879582729765,หวยใบเขียว หวยดี เลขเด็ด ให้ทุกวัน
268438477328893,หวยไทย
122818958063679,อยากถูกหวยดูใบนี้
107624256541858,เจาะเลข หวยรัฐบาล V.I.P ☑️
179531212392329,เซียนหวย คัดเลขเด็ด
124552834886519,เลขเด็ด หวยดัง
283483385316244,เลขเด็ด หวยดัง
1668509903217067,เลขเด็ด หวยดัง
446912799125254,เลขเด็ด หวยใบเขียว
132146150835718,เลขเด็ดหลวงพี่
631632040277161,แชร์เลขเด็ดหวยรัฐบาล
451538962009381,ให้หวยฟรี
992711527495949,ให้หวยฟรี
119949375316804,ให้หวยฟรี100%
2196046067306728,ให้หวยฟรี100%&amp;#10;💝💝💝
160859241299801,កំពូល LIVE 24 ម៉ោង ✅
1148057622000683,កំសាន្តសប្បាយណាស់
1068215289920768,ក្រុមស្រីស្អាត
681878311889156,ឃោសនាដោយសេរី
846705585371357,ចែកគ្នានិយាយ បច្ចេកវិទ្យា
341190639574200,នគរខ្មែរ Norkor Khmer
1250265665045503,នគរខ្មែរ Norkor Khmer
1857393791210827,នគរខ្មែរ(Norkor Khmer)
1564303163610488,ពិភពដីឡូតិ៍
786468584730857,រឿងពិតក្នុងជីវិត ill and sufferring
534361206718414,លក់ទំនិញបញ្ចុះតម្លៃរាល់ថ្ងៃ
483305742007093,សិក្សាព្រះធម៌ ដើម្បីបញ្ញា
1516737725080879,សីុអារម្មណ៍
578773635633903,ស៊ូៗដើម្បីជីវិតជោគជ័យ
1766456973468185,ឧបករណ៍បុរាណខ្មែរ
248659569077266,★ เลขเด็ดงวดนี้ หวยเด็ด หวยดัง ★
2173511016211475,✿ แบ่งปัน เลขดัง หวยเด็ด ซองดัง หลวงพ่อทั่วไทย เข้าทุกงวดแม่นที่สุด ✿
252902385537984,❤ หวยเด็ด เลขเด็ด ซองดัง ❤
235389940656124,💞หายของไทย๒๕๖๑💞
157645848173524,🙏🙏🙏 ให้หวยฟรี ๑๐๐%
398915043874443,🙏🙏🙏ลูกพ่อวิษณุกรรม เลขเด็ด บนล่าง
